Primer_Name,Usage,Target,Sample_ID,Primer_Sequence,Notes
N701,Nextera Index,,,CAAGCAGAAGACGGCATACGAGATTCGCCTTAGTCTCGTGGGCTCGG,
N702,Nextera Index,,,CAAGCAGAAGACGGCATACGAGATCTAGTACGGTCTCGTGGGCTCGG,
N703,Nextera Index,,,CAAGCAGAAGACGGCATACGAGATTTCTGCCTGTCTCGTGGGCTCGG,
N704,Nextera Index,,,CAAGCAGAAGACGGCATACGAGATGCTCAGGAGTCTCGTGGGCTCGG,
N705,Nextera Index,,,CAAGCAGAAGACGGCATACGAGATAGGAGTCCGTCTCGTGGGCTCGG,
N706,Nextera Index,,,CAAGCAGAAGACGGCATACGAGATCATGCCTAGTCTCGTGGGCTCGG,
N707,Nextera Index,,,CAAGCAGAAGACGGCATACGAGATGTAGAGAGGTCTCGTGGGCTCGG,
N708,Nextera Index,,,CAAGCAGAAGACGGCATACGAGATCCTCTCTGGTCTCGTGGGCTCGG,
N709,Nextera Index,,,CAAGCAGAAGACGGCATACGAGATAGCGTAGCGTCTCGTGGGCTCGG,
N710,Nextera Index,,,CAAGCAGAAGACGGCATACGAGATCAGCCTCGGTCTCGTGGGCTCGG,
N711,Nextera Index,,,CAAGCAGAAGACGGCATACGAGATTGCCTCTTGTCTCGTGGGCTCGG,
N712,Nextera Index,,,CAAGCAGAAGACGGCATACGAGATTCCTCTACGTCTCGTGGGCTCGG,
S517,Nextera Index,,,AATGATACGGCGACCACCGAGATCTACACGCGTAAGATCGTCGGCAGCGTC,
S502,Nextera Index,,,AATGATACGGCGACCACCGAGATCTACACCTCTCTATTCGTCGGCAGCGTC,
S503,Nextera Index,,,AATGATACGGCGACCACCGAGATCTACACTATCCTCTTCGTCGGCAGCGTC,
S504,Nextera Index,,,AATGATACGGCGACCACCGAGATCTACACAGAGTAGATCGTCGGCAGCGTC,
S505,Nextera Index,,,AATGATACGGCGACCACCGAGATCTACACGTAAGGAGTCGTCGGCAGCGTC,
S506,Nextera Index,,,AATGATACGGCGACCACCGAGATCTACACACTGCATATCGTCGGCAGCGTC,
S507,Nextera Index,,,AATGATACGGCGACCACCGAGATCTACACAAGGAGTATCGTCGGCAGCGTC,
S508,Nextera Index,,,AATGATACGGCGACCACCGAGATCTACACCTAAGCCTTCGTCGGCAGCGTC,
Index_F01,Index,,,CTACACTCGCCTTATCGTCGGCAGCGTC,
Index_F02,Index,,,CTACACCTAGTACGTCGTCGGCAGCGTC,
Index_F03,Index,,,CTACACTTCTGCCTTCGTCGGCAGCGTC,
Index_F04,Index,,,CTACACGCTCAGGATCGTCGGCAGCGTC,
Index_F05,Index,,,CTACACAGGAGTCCTCGTCGGCAGCGTC,
Index_F06,Index,,,CTACACCATGCCTATCGTCGGCAGCGTC,
Index_F07,Index,,,CTACACGTAGAGAGTCGTCGGCAGCGTC,
Index_F08,Index,,,CTACACCAGCCTCGTCGTCGGCAGCGTC,
Index_F09,Index,,,CTACACTGCCTCTTTCGTCGGCAGCGTC,
Index_F10,Index,,,CTACACTCCTCTACTCGTCGGCAGCGTC,
Index_F11,Index,,,CTACACTCATGAGCTCGTCGGCAGCGTC,
Index_F12,Index,,,CTACACCCTGAGATTCGTCGGCAGCGTC,
Index_F13,Index,,,CTACACTAGCGAGTTCGTCGGCAGCGTC,
Index_F14,Index,,,CTACACGTAGCTCCTCGTCGGCAGCGTC,
Index_F15,Index,,,CTACACTACTACGCTCGTCGGCAGCGTC,
Index_F16,Index,,,CTACACAGGCTCCGTCGTCGGCAGCGTC,
Index_F17,Index,,,CTACACGCAGCGTATCGTCGGCAGCGTC,
Index_F18,Index,,,CTACACCTGCGCATTCGTCGGCAGCGTC,
Index_F19,Index,,,CTACACGAGCGCTATCGTCGGCAGCGTC,
Index_F20,Index,,,CTACACCGCTCAGTTCGTCGGCAGCGTC,
Index_F21,Index,,,CTACACGTCTTAGGTCGTCGGCAGCGTC,
Index_F22,Index,,,CTACACACTGATCGTCGTCGGCAGCGTC,
Index_F23,Index,,,CTACACTAGCTGCATCGTCGGCAGCGTC,
Index_F24,Index,,,CTACACGACGTCGATCGTCGGCAGCGTC,
Index_R01,Index,,,CGAGATCTCTCTATGTCTCGTGGGCTCGG,
Index_R02,Index,,,CGAGATTATCCTCTGTCTCGTGGGCTCGG,
Index_R03,Index,,,CGAGATGTAAGGAGGTCTCGTGGGCTCGG,
Index_R04,Index,,,CGAGATACTGCATAGTCTCGTGGGCTCGG,